{
  "name": "Pest Outbreak Alert",
  "nodes": [
    {
      "parameters": {
        "content": "## Pest Outbreak Alert",
        "height": 520,
        "width": 1100
      },
      "id": "c31581de-ca68-49e9-b317-f3739537da27",
      "name": "Sticky",
      "type": "n8n-nodes-base.stickyNote",
      "typeVersion": 1,
      "position": [
        -500,
        -250
      ]
    },
    {
      "parameters": {
        "httpMethod": "POST",
        "path": "pest_outbreak_alert"
      },
      "id": "63496e27-d0de-4da6-8c37-4e92b46b62fd",
      "name": "Webhook",
      "type": "n8n-nodes-base.webhook",
      "typeVersion": 1,
      "position": [
        -300,
        0
      ]
    },
    {
      "parameters": {
        "chunkSize": 400,
        "chunkOverlap": 40
      },
      "id": "887889f4-c9aa-4759-85fc-3263cc7d4ca0",
      "name": "Splitter",
      "type": "@n8n/n8n-nodes-langchain.textSplitterCharacterTextSplitter",
      "typeVersion": 1,
      "position": [
        -100,
        0
      ]
    },
    {
      "parameters": {
        "model": "default"
      },
      "id": "e02bdccc-12f6-4101-abca-c1aaac144466",
      "name": "Embeddings",
      "type": "@n8n/n8n-nodes-langchain.embeddingsCohere",
      "typeVersion": 1,
      "position": [
        100,
        0
      ],
      "credentials": {
        "cohereApi": {
          "id": "COHERE_API",
          "name": "Cohere"
        }
      }
    },
    {
      "parameters": {
        "mode": "insert",
        "indexName": "pest_outbreak_alert"
      },
      "id": "6dcce654-7ee3-453c-b54a-bb6151ef25d3",
      "name": "Insert",
      "type": "@n8n/n8n-nodes-langchain.vectorStorePinecone",
      "typeVersion": 1,
      "position": [
        300,
        0
      ],
      "credentials": {
        "pineconeApi": {
          "id": "PINECONE_API",
          "name": "Pinecone account"
        }
      }
    },
    {
      "parameters": {
        "indexName": "pest_outbreak_alert"
      },
      "id": "5db24659-3cf4-4917-b295-84e7b331fcab",
      "name": "Query",
      "type": "@n8n/n8n-nodes-langchain.vectorStorePinecone",
      "typeVersion": 1,
      "position": [
        300,
        -180
      ],
      "credentials": {
        "pineconeApi": {
          "id": "PINECONE_API",
          "name": "Pinecone account"
        }
      }
    },
    {
      "parameters": {
        "name": "Pinecone"
      },
      "id": "0d28b2c7-5b50-48a8-ac88-7e5e10a4ff57",
      "name": "Tool",
      "type": "@n8n/n8n-nodes-langchain.toolVectorStore",
      "typeVersion": 1,
      "position": [
        480,
        -180
      ]
    },
    {
      "parameters": {},
      "id": "2159d931-0a89-4329-9b99-e38a49a0dc3b",
      "name": "Memory",
      "type": "@n8n/n8n-nodes-langchain.memoryBufferWindow",
      "typeVersion": 1.3,
      "position": [
        480,
        -40
      ]
    },
    {
      "parameters": {},
      "id": "efc6cb81-5171-4b99-84dc-736d13eed3f9",
      "name": "Chat",
      "type": "@n8n/n8n-nodes-langchain.lmChatOpenAi",
      "typeVersion": 1,
      "position": [
        480,
        -340
      ],
      "credentials": {
        "openAiApi": {
          "id": "OPENAI_API",
          "name": "OpenAI"
        }
      }
    },
    {
      "parameters": {
        "promptType": "define",
        "text": "={{ $json }}"
      },
      "id": "d316a1db-8ec9-4aba-abff-480b8b8666e2",
      "name": "Agent",
      "type": "@n8n/n8n-nodes-langchain.agent",
      "typeVersion": 1,
      "position": [
        760,
        -40
      ]
    },
    {
      "parameters": {
        "operation": "append",
        "documentId": "SHEET_ID",
        "sheetName": "Log"
      },
      "id": "2300884f-6c14-467f-86ae-971687fd42db",
      "name": "Sheet",
      "type": "n8n-nodes-base.googleSheets",
      "typeVersion": 4,
      "position": [
        960,
        -40
      ],
      "credentials": {
        "googleSheetsOAuth2Api": {
          "id": "SHEETS_API",
          "name": "Sheets"
        }
      }
    }
  ],
  "connections": {
    "Webhook": {
      "main": [
        [
          {
            "node": "Splitter",
            "type": "main",
            "index": 0
          },
          {
            "node": "Memory",
            "type": "main",
            "index": 0
          }
        ]
      ]
    },
    "Splitter": {
      "main": [
        [
          {
            "node": "Embeddings",
            "type": "main",
            "index": 0
          }
        ]
      ],
      "ai_textSplitter": [
        [
          {
            "node": "Insert",
            "type": "ai_textSplitter",
            "index": 0
          }
        ]
      ]
    },
    "Embeddings": {
      "ai_embedding": [
        [
          {
            "node": "Insert",
            "type": "ai_embedding",
            "index": 0
          },
          {
            "node": "Query",
            "type": "ai_embedding",
            "index": 0
          }
        ]
      ]
    },
    "Insert": {
      "ai_document": [
        []
      ]
    },
    "Query": {
      "ai_vectorStore": [
        [
          {
            "node": "Tool",
            "type": "ai_vectorStore",
            "index": 0
          }
        ]
      ]
    },
    "Tool": {
      "ai_tool": [
        [
          {
            "node": "Agent",
            "type": "ai_tool",
            "index": 0
          }
        ]
      ]
    },
    "Memory": {
      "ai_memory": [
        [
          {
            "node": "Agent",
            "type": "ai_memory",
            "index": 0
          }
        ]
      ]
    },
    "Chat": {
      "ai_languageModel": [
        [
          {
            "node": "Agent",
            "type": "ai_languageModel",
            "index": 0
          }
        ]
      ]
    },
    "Agent": {
      "main": [
        [
          {
            "node": "Sheet",
            "type": "main",
            "index": 0
          }
        ]
      ]
    }
  },
  "settings": {
    "executionOrder": "v1"
  }
}