{"version":"6","id":"cm0xo7x0c0005734nn4s2l8cg","name":"WAHA","events":[{"id":"c3cx1vtmqrp07auoj5m99xcc","outgoingEdgeId":"my79hgmprcz5exvm9xvnqtib","graphCoordinates":{"x":-986.74,"y":-67.67},"type":"start"}],"groups":[{"id":"zoidkeckhsd10usjwifwjpl3","title":"Group #1","graphCoordinates":{"x":463.27,"y":-416.49},"blocks":[{"id":"vq8trypb5mz1xl2hj7a08y2n","outgoingEdgeId":"q1r4tg6wtvlx5h10wly4gjvn","type":"image","content":{"url":"https://fastly.picsum.photos/id/1041/200/300.jpg?hmac=l4FIMky2hFQgqx0kNCHmVhtfQJz_CUcyK_0Q-UiQwAI"}}]},{"id":"jwqa5ttpqd0v3sjeixbwgact","title":"Group #2","graphCoordinates":{"x":-575.88,"y":-136.45},"blocks":[{"id":"hxgmtbveqo4jz0qjiw97am3h","type":"text","content":{"richText":[{"type":"p","children":[{"text":"Hi! 🤗"}]},{"type":"p","children":[{"text":"I'm "},{"bold":true,"text":"WAHA + n8n + Typebot"},{"text":" bot! "}]},{"type":"p","children":[{"text":""}]},{"type":"p","children":[{"text":"What would you like do to? 🤔"}]}]}},{"id":"ztww60bvl19a1yrbj8l27njo","type":"choice input","items":[{"id":"m5312g7boh0cnharetc7u9fz","outgoingEdgeId":"ra3w2nzb497m2htjgruj6m0h","content":"Image"},{"id":"yjbbabqdj88e5qh91w7igzaf","outgoingEdgeId":"ivhr4m0gosr1jzncvwz2wme9","content":"Video"},{"id":"kg5x643fb0459a8hoiddg23t","outgoingEdgeId":"mbrkgpq3y1bqudvqq97mb4wx","content":"Audio"},{"id":"fx6zj1538cb6zhmzm5st4e4w","outgoingEdgeId":"o3mvr6qax4h7sjf4roiyfjld","content":"Input Text"},{"id":"zvsrkljgazb34d30mq89gb53","outgoingEdgeId":"ugqqqs3u4siuldsra1ex625d","content":"Input Number"},{"id":"grssp8fmqoj1j90rrp4z7jhd","outgoingEdgeId":"v8fb2g5oahtbnzkg3off6xtl","content":"Attach file"},{"id":"jdkdmtp8zo1242modbk2r271","outgoingEdgeId":"u2ihvs3nmve8qgzmprj4most","content":"Stop"}]}]},{"id":"wjt4xyn3blvqopc0qgii7ya2","title":"Group #3","graphCoordinates":{"x":485.59,"y":802.5},"blocks":[{"id":"bfqx3l421hlqifkietc10qwj","type":"text input","options":{"labels":{"placeholder":"What is your name?"},"variableId":"vuogwuov8f6xlo7m6brlvlz61"}},{"id":"gjwlvnf1y7wvbes9e616lmbj","outgoingEdgeId":"lrgmwoweh40bn8pe9fle839v","type":"text","content":{"richText":[{"type":"p","children":[{"text":"Nice to meet you, {{name}}! 🤝"}]}]}}]},{"id":"n4oy8tl1x06j8s1c8sgdxi8n","title":"Group #4","graphCoordinates":{"x":2282.18,"y":133.09},"blocks":[{"id":"uohpn5i4ywmhjopday39c2jx","type":"text","content":{"richText":[{"type":"p","children":[{"text":"That's it for now, come back later! "}]},{"type":"p","children":[{"text":"Bye-bye 👋"}]}]}}]},{"id":"j2a55ewwmm5wdjxpa5qrvltt","title":"Group #5","graphCoordinates":{"x":452.18,"y":63.38},"blocks":[{"id":"t98f32h0q972ioeswf91af4r","outgoingEdgeId":"on0y3r3e0zn92rcc5tbm2cjh","type":"video","content":{"url":"https://raw.githubusercontent.com/devlikeapro/waha/core/examples/video.mp4","type":"url"}}]},{"id":"uq51gu70ygnkkw5u2114s269","title":"Group #6","graphCoordinates":{"x":452.74,"y":338.77},"blocks":[{"id":"hxnpsx98r7e5rv44ojp8ayjg","outgoingEdgeId":"hq9ukc25dxw730hsfuadjkor","type":"audio","content":{"url":"https://raw.githubusercontent.com/devlikeapro/waha/core/examples/dev.likeapro.opus"}}]},{"id":"aktg6wkibblx9zmcpc7lz945","title":"Group #7","graphCoordinates":{"x":464.36,"y":1203.76},"blocks":[{"id":"h545kfiq6cksjb75kyydsq65","type":"number input","options":{"variableId":"vdim9rjf1yhfbol38mt5bnbz7","labels":{"placeholder":"Give me a number!"},"min":11,"max":20}},{"id":"fvwcj4ml3cyw47lami4ancsu","outgoingEdgeId":"q61sk5zv514zxqzx40rwr9vp","type":"text","content":{"richText":[{"type":"p","children":[{"text":"That's your number! {{number}}"}]}]}}]},{"id":"jew9ug43kbxo2uahcpbez88s","title":"Group #9","graphCoordinates":{"x":521.8177081811058,"y":1046.574208619293},"blocks":[{"id":"dzxmp8aiqsjkrgzzh7ifw4tp","type":"file input"}]},{"id":"wyyiygwleowlid727jj7ktv6","title":"Group #10","graphCoordinates":{"x":556.29,"y":1647.5},"blocks":[{"id":"bhlahvs3xlogx99zvg3539tm","type":"text input","options":{"labels":{"placeholder":"Send us the file please!"},"attachments":{"isEnabled":true,"saveVariableId":"vbia16qap6tohciqwap7ldvex"}}},{"id":"he04g59bdtpppaj19wfiiu61","outgoingEdgeId":"qlxso0vygc7vwbnatr628c4i","type":"text","content":{"richText":[{"type":"p","children":[{"text":"Here's what we got: {{url}}"}]}]}}]}],"edges":[{"id":"o3mvr6qax4h7sjf4roiyfjld","from":{"blockId":"ztww60bvl19a1yrbj8l27njo","itemId":"fx6zj1538cb6zhmzm5st4e4w"},"to":{"groupId":"wjt4xyn3blvqopc0qgii7ya2","blockId":"bfqx3l421hlqifkietc10qwj"}},{"id":"ra3w2nzb497m2htjgruj6m0h","from":{"blockId":"ztww60bvl19a1yrbj8l27njo","itemId":"m5312g7boh0cnharetc7u9fz"},"to":{"groupId":"zoidkeckhsd10usjwifwjpl3","blockId":"vq8trypb5mz1xl2hj7a08y2n"}},{"id":"qa445i27ajaegto9sreivad1","from":{"blockId":"ly7xx6hpcr3aa5zokjyv1edh"},"to":{"groupId":"jwqa5ttpqd0v3sjeixbwgact"}},{"id":"my79hgmprcz5exvm9xvnqtib","from":{"eventId":"c3cx1vtmqrp07auoj5m99xcc"},"to":{"groupId":"jwqa5ttpqd0v3sjeixbwgact","blockId":"hxgmtbveqo4jz0qjiw97am3h"}},{"id":"q1r4tg6wtvlx5h10wly4gjvn","from":{"blockId":"vq8trypb5mz1xl2hj7a08y2n"},"to":{"groupId":"n4oy8tl1x06j8s1c8sgdxi8n","blockId":"uohpn5i4ywmhjopday39c2jx"}},{"id":"lrgmwoweh40bn8pe9fle839v","from":{"blockId":"gjwlvnf1y7wvbes9e616lmbj"},"to":{"groupId":"n4oy8tl1x06j8s1c8sgdxi8n","blockId":"uohpn5i4ywmhjopday39c2jx"}},{"id":"ivhr4m0gosr1jzncvwz2wme9","from":{"blockId":"ztww60bvl19a1yrbj8l27njo","itemId":"yjbbabqdj88e5qh91w7igzaf"},"to":{"groupId":"j2a55ewwmm5wdjxpa5qrvltt","blockId":"t98f32h0q972ioeswf91af4r"}},{"id":"on0y3r3e0zn92rcc5tbm2cjh","from":{"blockId":"t98f32h0q972ioeswf91af4r"},"to":{"groupId":"n4oy8tl1x06j8s1c8sgdxi8n","blockId":"uohpn5i4ywmhjopday39c2jx"}},{"id":"mbrkgpq3y1bqudvqq97mb4wx","from":{"blockId":"ztww60bvl19a1yrbj8l27njo","itemId":"kg5x643fb0459a8hoiddg23t"},"to":{"groupId":"uq51gu70ygnkkw5u2114s269","blockId":"hxnpsx98r7e5rv44ojp8ayjg"}},{"id":"hq9ukc25dxw730hsfuadjkor","from":{"blockId":"hxnpsx98r7e5rv44ojp8ayjg"},"to":{"groupId":"n4oy8tl1x06j8s1c8sgdxi8n","blockId":"uohpn5i4ywmhjopday39c2jx"}},{"id":"ugqqqs3u4siuldsra1ex625d","from":{"blockId":"ztww60bvl19a1yrbj8l27njo","itemId":"zvsrkljgazb34d30mq89gb53"},"to":{"groupId":"aktg6wkibblx9zmcpc7lz945","blockId":"h545kfiq6cksjb75kyydsq65"}},{"id":"u2ihvs3nmve8qgzmprj4most","from":{"blockId":"ztww60bvl19a1yrbj8l27njo","itemId":"jdkdmtp8zo1242modbk2r271"},"to":{"groupId":"n4oy8tl1x06j8s1c8sgdxi8n","blockId":"uohpn5i4ywmhjopday39c2jx"}},{"id":"q61sk5zv514zxqzx40rwr9vp","from":{"blockId":"fvwcj4ml3cyw47lami4ancsu"},"to":{"groupId":"n4oy8tl1x06j8s1c8sgdxi8n","blockId":"uohpn5i4ywmhjopday39c2jx"}},{"id":"m4icp5ut3y8p4fhkfxmox8v1","from":{"blockId":"cu7n08knnh5w3a16x98570t2"},"to":{"groupId":"n4oy8tl1x06j8s1c8sgdxi8n"}},{"id":"v8fb2g5oahtbnzkg3off6xtl","from":{"blockId":"ztww60bvl19a1yrbj8l27njo","itemId":"grssp8fmqoj1j90rrp4z7jhd"},"to":{"groupId":"wyyiygwleowlid727jj7ktv6"}},{"id":"qlxso0vygc7vwbnatr628c4i","from":{"blockId":"he04g59bdtpppaj19wfiiu61"},"to":{"groupId":"n4oy8tl1x06j8s1c8sgdxi8n","blockId":"uohpn5i4ywmhjopday39c2jx"}}],"variables":[{"id":"biylyer9j4ren4fc7j3arphc","name":"from","isSessionVariable":true},{"id":"vbia16qap6tohciqwap7ldvex","name":"url","isSessionVariable":true},{"id":"vdim9rjf1yhfbol38mt5bnbz7","name":"number","isSessionVariable":false},{"id":"vc5rp8xozimj99k6bk7ipoaju","name":"value","isSessionVariable":true},{"id":"vuogwuov8f6xlo7m6brlvlz61","name":"name","isSessionVariable":false}],"theme":{},"selectedThemeTemplateId":null,"settings":{"publicShare":{"isEnabled":false}},"createdAt":"2024-09-11T09:41:14.076Z","updatedAt":"2024-09-13T06:41:46.254Z","icon":null,"folderId":null,"publicId":"waha-4s2l8cg","customDomain":null,"workspaceId":"cm0xo6r6d0001734n1vte92q5","resultsTablePreferences":null,"isArchived":false,"isClosed":false,"whatsAppCredentialsId":null,"riskLevel":null}