{
  "name": "Local Attraction Recommender",
  "nodes": [
    {
      "parameters": {
        "content": "## Local Attraction Recommender",
        "height": 520,
        "width": 1100
      },
      "id": "c8875b2e-3004-4671-b42e-93cd99950bfb",
      "name": "Sticky",
      "type": "n8n-nodes-base.stickyNote",
      "typeVersion": 1,
      "position": [
        -500,
        -250
      ]
    },
    {
      "parameters": {
        "httpMethod": "POST",
        "path": "local_attraction_recommender"
      },
      "id": "577956ce-6f51-4178-971a-8ebbf92c54a5",
      "name": "Webhook",
      "type": "n8n-nodes-base.webhook",
      "typeVersion": 1,
      "position": [
        -300,
        0
      ]
    },
    {
      "parameters": {
        "chunkSize": 400,
        "chunkOverlap": 40
      },
      "id": "58455fc5-a384-4884-ba46-3564b1264b98",
      "name": "Splitter",
      "type": "@n8n/n8n-nodes-langchain.textSplitterCharacterTextSplitter",
      "typeVersion": 1,
      "position": [
        -100,
        0
      ]
    },
    {
      "parameters": {
        "model": "default"
      },
      "id": "e6a4e734-16d1-4a67-a91a-d061074c9808",
      "name": "Embeddings",
      "type": "@n8n/n8n-nodes-langchain.embeddingsCohere",
      "typeVersion": 1,
      "position": [
        100,
        0
      ],
      "credentials": {
        "cohereApi": {
          "id": "COHERE_API",
          "name": "Cohere"
        }
      }
    },
    {
      "parameters": {
        "mode": "insert",
        "indexName": "local_attraction_recommender"
      },
      "id": "027b33ed-0e77-4488-a955-90c3a570a90a",
      "name": "Insert",
      "type": "@n8n/n8n-nodes-langchain.vectorStorePinecone",
      "typeVersion": 1,
      "position": [
        300,
        0
      ],
      "credentials": {
        "pineconeApi": {
          "id": "PINECONE_API",
          "name": "Pinecone account"
        }
      }
    },
    {
      "parameters": {
        "indexName": "local_attraction_recommender"
      },
      "id": "ba1871c8-c436-4258-ad97-4e8e12be2820",
      "name": "Query",
      "type": "@n8n/n8n-nodes-langchain.vectorStorePinecone",
      "typeVersion": 1,
      "position": [
        300,
        -180
      ],
      "credentials": {
        "pineconeApi": {
          "id": "PINECONE_API",
          "name": "Pinecone account"
        }
      }
    },
    {
      "parameters": {
        "name": "Pinecone"
      },
      "id": "374eaeaf-2a6b-45da-a417-87415dbc5c9c",
      "name": "Tool",
      "type": "@n8n/n8n-nodes-langchain.toolVectorStore",
      "typeVersion": 1,
      "position": [
        480,
        -180
      ]
    },
    {
      "parameters": {},
      "id": "d7d8fd55-e069-482a-819b-0ebc788afab7",
      "name": "Memory",
      "type": "@n8n/n8n-nodes-langchain.memoryBufferWindow",
      "typeVersion": 1.3,
      "position": [
        480,
        -40
      ]
    },
    {
      "parameters": {},
      "id": "c6f0f5ef-7b34-4e48-8652-69ce1ba5e142",
      "name": "Chat",
      "type": "@n8n/n8n-nodes-langchain.lmChatAnthropic",
      "typeVersion": 1,
      "position": [
        480,
        -340
      ],
      "credentials": {
        "anthropicApi": {
          "id": "ANTHROPIC_API",
          "name": "Anthropic"
        }
      }
    },
    {
      "parameters": {
        "promptType": "define",
        "text": "={{ $json }}"
      },
      "id": "ebc4c348-264d-4f61-99ae-796d195ff3a4",
      "name": "Agent",
      "type": "@n8n/n8n-nodes-langchain.agent",
      "typeVersion": 1,
      "position": [
        760,
        -40
      ]
    },
    {
      "parameters": {
        "operation": "append",
        "documentId": "SHEET_ID",
        "sheetName": "Log"
      },
      "id": "9cf94044-8435-4556-85b5-c71462976a0b",
      "name": "Sheet",
      "type": "n8n-nodes-base.googleSheets",
      "typeVersion": 4,
      "position": [
        960,
        -40
      ],
      "credentials": {
        "googleSheetsOAuth2Api": {
          "id": "SHEETS_API",
          "name": "Sheets"
        }
      }
    }
  ],
  "connections": {
    "Webhook": {
      "main": [
        [
          {
            "node": "Splitter",
            "type": "main",
            "index": 0
          },
          {
            "node": "Memory",
            "type": "main",
            "index": 0
          }
        ]
      ]
    },
    "Splitter": {
      "main": [
        [
          {
            "node": "Embeddings",
            "type": "main",
            "index": 0
          }
        ]
      ],
      "ai_textSplitter": [
        [
          {
            "node": "Insert",
            "type": "ai_textSplitter",
            "index": 0
          }
        ]
      ]
    },
    "Embeddings": {
      "ai_embedding": [
        [
          {
            "node": "Insert",
            "type": "ai_embedding",
            "index": 0
          },
          {
            "node": "Query",
            "type": "ai_embedding",
            "index": 0
          }
        ]
      ]
    },
    "Insert": {
      "ai_document": [
        []
      ]
    },
    "Query": {
      "ai_vectorStore": [
        [
          {
            "node": "Tool",
            "type": "ai_vectorStore",
            "index": 0
          }
        ]
      ]
    },
    "Tool": {
      "ai_tool": [
        [
          {
            "node": "Agent",
            "type": "ai_tool",
            "index": 0
          }
        ]
      ]
    },
    "Memory": {
      "ai_memory": [
        [
          {
            "node": "Agent",
            "type": "ai_memory",
            "index": 0
          }
        ]
      ]
    },
    "Chat": {
      "ai_languageModel": [
        [
          {
            "node": "Agent",
            "type": "ai_languageModel",
            "index": 0
          }
        ]
      ]
    },
    "Agent": {
      "main": [
        [
          {
            "node": "Sheet",
            "type": "main",
            "index": 0
          }
        ]
      ]
    }
  },
  "settings": {
    "executionOrder": "v1"
  }
}